{"stats":{"minecraft:used":{"refm:iron_rapier":153,"epicfight:skillbook":6,"wom:netherite_belt":1,"wom:netherite_chains":1,"wom:netherite_manicle":1,"minecraft:cooked_porkchop":3,"wom:netherite_mask":1},"minecraft:custom":{"minecraft:time_since_rest":22070,"minecraft:crouch_one_cm":354,"minecraft:sprint_one_cm":30728,"minecraft:play_time":24210,"minecraft:deaths":1,"minecraft:damage_taken":6906,"minecraft:walk_one_cm":179576,"minecraft:sneak_time":66,"minecraft:walk_under_water_one_cm":221,"minecraft:jump":129,"minecraft:damage_dealt":6271,"minecraft:walk_on_water_one_cm":576,"minecraft:time_since_death":22038,"minecraft:total_world_time":24210,"minecraft:swim_one_cm":712,"minecraft:fall_one_cm":1107,"minecraft:fly_one_cm":15763},"minecraft:killed_by":{"minecraft:player":1},"minecraft:picked_up":{"wom:netherite_belt":1,"minecraft:cooked_porkchop":64,"refm:iron_rapier":1,"wom:netherite_chains":1,"epicfight:skillbook":2,"wom:netherite_manicle":1,"minecraft:ink_sac":2,"slu:estus_shard":2,"slu:estus_flask":1,"slu:dagger":1,"wom:netherite_mask":1}},"DataVersion":3465}