{"stats":{"minecraft:broken":{"refm:iron_rapier":1},"minecraft:used":{"refm:iron_rapier":251,"epicfight:skillbook":10,"slu:dagger":13,"wom:netherite_belt":1,"wom:netherite_chains":1,"wom:netherite_manicle":1,"minecraft:cooked_porkchop":15,"wom:netherite_mask":1},"minecraft:custom":{"minecraft:time_since_rest":123,"minecraft:interact_with_furnace":2,"minecraft:crouch_one_cm":359,"minecraft:sprint_one_cm":59820,"minecraft:play_time":53015,"minecraft:deaths":3,"minecraft:damage_taken":25630,"minecraft:walk_one_cm":355861,"minecraft:sneak_time":69,"minecraft:walk_under_water_one_cm":368,"minecraft:drop":2,"minecraft:jump":222,"minecraft:damage_dealt":9587,"minecraft:leave_game":1,"minecraft:walk_on_water_one_cm":1877,"minecraft:time_since_death":76,"minecraft:climb_one_cm":364,"minecraft:total_world_time":53015,"minecraft:swim_one_cm":712,"minecraft:fall_one_cm":4873,"minecraft:fly_one_cm":27190},"minecraft:dropped":{"epicfight:skillbook":2},"minecraft:mined":{"minecraft:azure_bluet":1},"minecraft:killed_by":{"minecraft:player":3},"minecraft:picked_up":{"wom:netherite_belt":2,"minecraft:cooked_porkchop":123,"refm:iron_rapier":2,"wom:netherite_chains":2,"epicfight:skillbook":6,"wom:netherite_manicle":2,"minecraft:ink_sac":4,"slu:estus_shard":4,"slu:estus_flask":2,"slu:dagger":2,"wom:netherite_mask":2}},"DataVersion":3465}