{"stats":{"minecraft:used":{"refm:iron_rapier":213,"epicfight:skillbook":10,"wom:netherite_belt":1,"wom:netherite_chains":1,"wom:netherite_manicle":1,"minecraft:cooked_porkchop":12,"wom:netherite_mask":1},"minecraft:custom":{"minecraft:time_since_rest":10787,"minecraft:crouch_one_cm":359,"minecraft:sprint_one_cm":47353,"minecraft:play_time":36210,"minecraft:deaths":2,"minecraft:damage_taken":10762,"minecraft:walk_one_cm":261874,"minecraft:sneak_time":68,"minecraft:walk_under_water_one_cm":221,"minecraft:drop":2,"minecraft:jump":171,"minecraft:damage_dealt":7705,"minecraft:walk_on_water_one_cm":780,"minecraft:time_since_death":10760,"minecraft:climb_one_cm":364,"minecraft:total_world_time":36210,"minecraft:swim_one_cm":712,"minecraft:fall_one_cm":2808,"minecraft:fly_one_cm":21502},"minecraft:dropped":{"epicfight:skillbook":2},"minecraft:mined":{"minecraft:azure_bluet":1},"minecraft:killed_by":{"minecraft:player":2},"minecraft:picked_up":{"wom:netherite_belt":2,"minecraft:cooked_porkchop":123,"refm:iron_rapier":2,"wom:netherite_chains":2,"epicfight:skillbook":6,"wom:netherite_manicle":2,"minecraft:ink_sac":4,"slu:estus_shard":4,"slu:estus_flask":2,"slu:dagger":2,"wom:netherite_mask":2}},"DataVersion":3465}