{"stats":{"minecraft:used":{"wom:agony":108,"minecraft:netherite_sword":7,"epicfight:skillbook":13,"magistuarmory:netherite_bastardsword":12,"slu:dagger":37,"wom:ruine":54,"refm:iron_rapier":91,"epicfight:diamond_spear":6,"minecraft:cooked_beef":7,"wom:solar":3},"minecraft:custom":{"minecraft:time_since_rest":65670,"minecraft:sprint_one_cm":49297,"minecraft:damage_taken":7662,"minecraft:walk_one_cm":290323,"minecraft:mob_kills":13,"minecraft:drop":13,"minecraft:damage_dealt":13077,"minecraft:swim_one_cm":2941,"minecraft:fly_one_cm":181349,"minecraft:player_kills":2,"minecraft:crouch_one_cm":143,"minecraft:play_time":65670,"minecraft:sneak_time":195,"minecraft:walk_under_water_one_cm":2622,"minecraft:jump":270,"minecraft:leave_game":1,"minecraft:walk_on_water_one_cm":2267,"minecraft:time_since_death":65670,"minecraft:climb_one_cm":220,"minecraft:total_world_time":65670,"minecraft:fall_one_cm":1871},"minecraft:dropped":{"wom:netherite_chains":1,"minecraft:cooked_beef":64,"wom:netherite_mask":1,"minecraft:cooked_porkchop":128,"refm:iron_rapier":1,"wom:netherite_manicle":1,"wom:netherite_belt":1,"epicfight:skillbook":5},"minecraft:mined":{"minecraft:hay_block":10},"minecraft:killed":{"minecraft:sheep":2,"minecraft:cat":2,"guardvillagers:guard":2,"minecraft:salmon":1,"minecraft:iron_golem":1,"slu:hollow_soldier_sword":1,"minecraft:villager":2,"minecraft:cow":2},"minecraft:picked_up":{"minecraft:azure_bluet":1,"minecraft:iron_chestplate":1,"minecraft:cooked_beef":64,"minecraft:cooked_porkchop":64,"slu:hollow_soul":4,"minecraft:salmon":1,"minecraft:leather":3,"epicfight:skillbook":1,"slu:metal_shard":2,"minecraft:shield":2,"minecraft:string":2,"minecraft:beef":6,"minecraft:hay_block":10,"minecraft:iron_ingot":4,"minecraft:crossbow":2,"minecraft:poppy":2,"minecraft:black_wool":1,"minecraft:mutton":3,"minecraft:iron_sword":1,"minecraft:white_wool":1}},"DataVersion":3465}