{"stats":{"minecraft:used":{"wom:agony":55,"minecraft:netherite_sword":7,"epicfight:skillbook":4,"magistuarmory:netherite_bastardsword":10,"slu:dagger":37,"refm:iron_rapier":91,"epicfight:diamond_spear":6,"minecraft:cooked_beef":2},"minecraft:custom":{"minecraft:time_since_rest":53670,"minecraft:sprint_one_cm":43792,"minecraft:damage_taken":6441,"minecraft:walk_one_cm":222948,"minecraft:mob_kills":12,"minecraft:drop":10,"minecraft:damage_dealt":9508,"minecraft:swim_one_cm":2941,"minecraft:fly_one_cm":169208,"minecraft:player_kills":1,"minecraft:crouch_one_cm":143,"minecraft:play_time":53670,"minecraft:sneak_time":195,"minecraft:walk_under_water_one_cm":2351,"minecraft:jump":209,"minecraft:leave_game":1,"minecraft:walk_on_water_one_cm":1960,"minecraft:time_since_death":53670,"minecraft:climb_one_cm":220,"minecraft:total_world_time":53670,"minecraft:fall_one_cm":1871},"minecraft:dropped":{"wom:netherite_chains":1,"minecraft:cooked_beef":64,"wom:netherite_mask":1,"minecraft:cooked_porkchop":128,"refm:iron_rapier":1,"wom:netherite_manicle":1,"wom:netherite_belt":1,"epicfight:skillbook":2},"minecraft:mined":{"minecraft:hay_block":10},"minecraft:killed":{"minecraft:sheep":2,"minecraft:cat":2,"guardvillagers:guard":2,"minecraft:salmon":1,"minecraft:iron_golem":1,"minecraft:villager":2,"minecraft:cow":2},"minecraft:picked_up":{"minecraft:cooked_beef":64,"minecraft:cooked_porkchop":64,"minecraft:salmon":1,"minecraft:leather":3,"minecraft:shield":1,"minecraft:string":2,"minecraft:beef":6,"minecraft:hay_block":10,"minecraft:iron_ingot":4,"minecraft:crossbow":2,"minecraft:poppy":2,"minecraft:black_wool":1,"minecraft:mutton":3,"minecraft:white_wool":1}},"DataVersion":3465}